8,2,dense,float,0,0,0
-0.0487169176340103,-0.00182456523180008
0.247035443782806,0.286519974470139
0.518704444169998,0.09719417989254
0.756887555122375,0.244155891239643
0.0219580829143524,0.38241800526157
0.254928663372993,0.746113866567612
0.607166305184364,0.480447448790073
0.750900104641914,0.747920610010624
