24,1,dense,float,0,0,0
0.0027799817279076
0.000182989362667906
0.0151576195735266
0.00206726194816972
0.00115212446012239
0.0176204772148186
0.0149753631381647
0.00278718167276895
0.0200761392318333
0.00571517927948743
0.00191156198324358
0.0224477183608389
0.00289948970253259
0.0138892207488205
0.0198374868288777
0.00234510853017969
0.0159238603578775
0.016767792034611
0.000303038490456825
0.00642514932040137
0.0208170509002584
0.00233579852003744
0.00286448942192206
0.0189815149185899
