24,1,dense,float,0,0,0
0.0180883329032089
0.0160415061607368
0.0159853472080445
0.0176662044257104
0.0150143415966251
0.0332357626876471
0.0226856183649273
0.0162052550653084
0.01796357541885
0.0103526364206646
0.0181511054357716
0.0353951017617901
0.0150432463045425
0.0219286223961901
0.014769777400109
0.0156301248276812
0.0232871387305007
0.0333402158954385
0.0128528027279268
0.0216819330895019
0.0156872336916586
0.0170806010921203
0.0185171224870034
0.0334729380680521
