24,1,dense,float,0,0,0
0.0176125841248154
0.0168520304636494
0.00453982308137414
0.0173509486831236
0.0171231483530828
0.00372079309134945
0.0193730913111597
0.0191812147865901
0.00521579390122285
0.00921648212940408
0.0204751130816825
0.00498466625847216
0.0202930091012183
0.0190702492240423
0.00415097282309203
0.0194663295169682
0.0204462818236955
0.00399808802734828
0.0172723183723029
0.0188960370991287
0.00548696101445413
0.0187482410256661
0.019673399067064
0.00379766477011725
