24,1,dense,float,0,0,0
0.0121872938939675
0.0150061707547841
0.0121884240353341
0.0144536538373357
0.0164045321332889
0.0110747681661665
0.0208217214517171
0.0304411829403725
0.0120507202292035
0.011098442960918
0.0332032237512389
0.0112003681644333
0.0298169560534481
0.0262911878037494
0.0107717489350993
0.0336569739668546
0.0305755605139392
0.00975165161219306
0.00719815536798752
0.00505752411457101
0.0166130959882719
0.0136901924230414
0.00547819308331526
0.0071163151717617
