24,1,dense,float,0,0,0
0.0130763750577704
0.0174130941137593
0.0277196704432211
0.0136709750819991
0.0155437649918285
0.0293947695566768
0.0164383252735512
0.0153580348068156
0.0317156676164573
0.00808794793325368
0.0179428520456207
0.0323959806233698
0.0163455277673252
0.0162542011113869
0.029275409099139
0.0147869060473312
0.0163083016143481
0.0289270070694588
0.0138303756272438
0.0179824002039616
0.0302682558806283
0.0147847803199328
0.0134250813800196
0.029088598150864
