24,1,dense,float,0,0,0
0.0217920919372675
0.0216952380197575
0.0310291712364096
0.0212696209791766
0.0199820511054012
0.0117194777080608
0.0222806314964035
0.0211795664266553
0.0342870163600356
0.00875804962802283
0.0215443249534488
0.0114547820583431
0.0141779444014108
0.0184087776673516
0.0307932006817542
0.0171650876461338
0.0209829212116442
0.0132313858895257
0.0190092950401775
0.0236261811404744
0.0310722375846956
0.0225181772125922
0.0184430207655911
0.0121837923691327
